{
  "_fv": 28,
  "_type": "recipe",
  "definition": {
    "recipeType": "Crafting",
    "xpReward": 0.0,
    "cookingTime": 200,
    "recipeRetstackSize": 1,
    "group": "ruby_ingot_recipe_group_name",
    "recipeShapeless": true,
    "recipeSlots": [
      {
        "value": ""
      },
      {
        "value": ""
      },
      {
        "value": ""
      },
      {
        "value": ""
      },
      {
        "value": ""
      },
      {
        "value": ""
      },
      {
        "value": "CUSTOM:Ruby"
      },
      {
        "value": "CUSTOM:Ruby"
      },
      {
        "value": "CUSTOM:Ruby"
      }
    ],
    "recipeReturnStack": {
      "value": "CUSTOM:RubyIngot"
    },
    "name": "ruby_ingot_craft",
    "namespace": "mod"
  }
}