{
  "_fv": 28,
  "_type": "villagertrade",
  "definition": {
    "tradeEntries": [
      {
        "villagerProfession": {
          "value": "ARMORER"
        },
        "entries": [
          {
            "price1": {
              "value": "CUSTOM:Ruby"
            },
            "countPrice1": 6,
            "price2": {
              "value": "Items.IRON_HELMET"
            },
            "countPrice2": 1,
            "offer": {
              "value": "CUSTOM:RubyARMOR.helmet"
            },
            "countOffer": 1,
            "level": 2,
            "maxTrades": 10,
            "xp": 10,
            "priceMultiplier": 0.05
          },
          {
            "price1": {
              "value": "CUSTOM:Ruby"
            },
            "countPrice1": 6,
            "price2": {
              "value": "Items.IRON_CHESTPLATE"
            },
            "countPrice2": 1,
            "offer": {
              "value": "CUSTOM:RubyARMOR.body"
            },
            "countOffer": 1,
            "level": 2,
            "maxTrades": 20,
            "xp": 10,
            "priceMultiplier": 0.05
          },
          {
            "price1": {
              "value": "CUSTOM:Ruby"
            },
            "countPrice1": 6,
            "price2": {
              "value": "Items.IRON_LEGGINGS"
            },
            "countPrice2": 1,
            "offer": {
              "value": "CUSTOM:RubyARMOR.legs"
            },
            "countOffer": 1,
            "level": 2,
            "maxTrades": 20,
            "xp": 10,
            "priceMultiplier": 0.05
          },
          {
            "price1": {
              "value": "CUSTOM:Ruby"
            },
            "countPrice1": 6,
            "price2": {
              "value": "Items.IRON_BOOTS"
            },
            "countPrice2": 1,
            "offer": {
              "value": "CUSTOM:RubyARMOR.boots"
            },
            "countOffer": 1,
            "level": 2,
            "maxTrades": 20,
            "xp": 10,
            "priceMultiplier": 0.05
          }
        ]
      },
      {
        "villagerProfession": {
          "value": "WEAPONSMITH"
        },
        "entries": [
          {
            "price1": {
              "value": "CUSTOM:Ruby"
            },
            "countPrice1": 6,
            "price2": {
              "value": "Items.IRON_SWORD"
            },
            "countPrice2": 1,
            "offer": {
              "value": "CUSTOM:RubySword"
            },
            "countOffer": 1,
            "level": 2,
            "maxTrades": 20,
            "xp": 10,
            "priceMultiplier": 0.05
          },
          {
            "price1": {
              "value": "CUSTOM:Ruby"
            },
            "countPrice1": 6,
            "price2": {
              "value": "Items.IRON_AXE"
            },
            "countPrice2": 1,
            "offer": {
              "value": "CUSTOM:RubyAxe"
            },
            "countOffer": 1,
            "level": 2,
            "maxTrades": 20,
            "xp": 10,
            "priceMultiplier": 0.05
          },
          {
            "price1": {
              "value": "CUSTOM:Ruby"
            },
            "countPrice1": 6,
            "price2": {
              "value": "Items.IRON_PICKAXE"
            },
            "countPrice2": 1,
            "offer": {
              "value": "CUSTOM:RubyPickAxe"
            },
            "countOffer": 1,
            "level": 2,
            "maxTrades": 20,
            "xp": 10,
            "priceMultiplier": 0.05
          },
          {
            "price1": {
              "value": "CUSTOM:Ruby"
            },
            "countPrice1": 6,
            "price2": {
              "value": "Items.IRON_SHOVEL"
            },
            "countPrice2": 1,
            "offer": {
              "value": "CUSTOM:RubyShovel"
            },
            "countOffer": 1,
            "level": 2,
            "maxTrades": 20,
            "xp": 10,
            "priceMultiplier": 0.05
          },
          {
            "price1": {
              "value": "CUSTOM:Ruby"
            },
            "countPrice1": 6,
            "price2": {
              "value": "Items.IRON_HOE"
            },
            "countPrice2": 1,
            "offer": {
              "value": "CUSTOM:RubyHoe"
            },
            "countOffer": 1,
            "level": 2,
            "maxTrades": 20,
            "xp": 10,
            "priceMultiplier": 0.05
          },
          {
            "price1": {
              "value": "CUSTOM:RubyNugget"
            },
            "countPrice1": 9,
            "price2": {
              "value": ""
            },
            "countPrice2": 1,
            "offer": {
              "value": "CUSTOM:RubyIngot"
            },
            "countOffer": 1,
            "level": 1,
            "maxTrades": 10,
            "xp": 5,
            "priceMultiplier": 0.05
          }
        ]
      }
    ]
  }
}