{
  "_fv": 28,
  "_type": "armor",
  "definition": {
    "enableHelmet": true,
    "textureHelmet": "ruby_helmet",
    "enableBody": true,
    "textureBody": "ruby_chestplate",
    "enableLeggings": true,
    "textureLeggings": "ruby_leggings",
    "enableBoots": true,
    "textureBoots": "ruby_boots",
    "creativeTab": {
      "value": "CUSTOM:NETHERITE"
    },
    "armorTextureFile": "ruby_",
    "helmetName": "Ruby ARMOR Helmet",
    "bodyName": "Ruby ARMOR Body",
    "leggingsName": "Ruby ARMOR Leggings",
    "bootsName": "Ruby ARMOR Boots",
    "helmetSpecialInfo": [],
    "bodySpecialInfo": [],
    "leggingsSpecialInfo": [],
    "bootsSpecialInfo": [],
    "helmetModelName": "Default",
    "helmetModelPart": "Helmet",
    "helmetModelTexture": "From armor",
    "bodyModelName": "Default",
    "bodyModelPart": "Body",
    "armsModelPartL": "Arms L",
    "armsModelPartR": "Arms R",
    "bodyModelTexture": "From armor",
    "leggingsModelName": "Default",
    "leggingsModelPartL": "Leggings L",
    "leggingsModelPartR": "Leggings R",
    "leggingsModelTexture": "From armor",
    "bootsModelName": "Default",
    "bootsModelPartL": "Boots L",
    "bootsModelPartR": "Boots R",
    "bootsModelTexture": "From armor",
    "helmetImmuneToFire": false,
    "bodyImmuneToFire": false,
    "leggingsImmuneToFire": false,
    "bootsImmuneToFire": false,
    "maxDamage": 25,
    "damageValueHelmet": 2,
    "damageValueBody": 6,
    "damageValueLeggings": 5,
    "damageValueBoots": 2,
    "enchantability": 33,
    "toughness": 0.1,
    "knockbackResistance": 0.05,
    "equipSound": {
      "value": "item.armor.equip_iron"
    },
    "repairItems": []
  }
}